{"cameraMode":{"drawMode":0,"name":"Shaded","section":"Shading Mode"},"sceneLighting":false,"audioPlay":false,"sceneViewState":{"m_AlwaysRefresh":false,"showFog":true,"showSkybox":false,"showFlares":true,"showImageEffects":true,"showParticleSystems":true,"showVisualEffectGraphs":true,"m_FxEnabled":true},"in2DMode":false,"pivot":{"x":-0.20082665979862214,"y":0.019455773755908014,"z":8.145136833190918},"rotation":{"x":-0.02879464253783226,"y":0.030579807236790658,"z":-0.0008639903389848769,"w":-0.9991315603256226},"size":1.790212869644165,"orthographic":false}