{"cameraMode":{"drawMode":0,"name":"Shaded","section":"Shading Mode"},"sceneLighting":true,"audioPlay":false,"sceneViewState":{"m_AlwaysRefresh":false,"showFog":true,"showSkybox":true,"showFlares":true,"showImageEffects":true,"showParticleSystems":true,"showVisualEffectGraphs":true,"m_FxEnabled":true},"in2DMode":false,"pivot":{"x":12.782873153686524,"y":-29.442848205566408,"z":39.11465835571289},"rotation":{"x":-0.31642183661460879,"y":-0.20772574841976167,"z":0.07124469429254532,"w":-0.9228695631027222},"size":36.69557189941406,"orthographic":false}