{"cameraMode":{"drawMode":0,"name":"Shaded","section":"Shading Mode"},"sceneLighting":false,"audioPlay":false,"sceneViewState":{"m_AlwaysRefresh":false,"showFog":true,"showSkybox":false,"showFlares":true,"showImageEffects":true,"showParticleSystems":true,"showVisualEffectGraphs":true,"m_FxEnabled":true},"in2DMode":false,"pivot":{"x":0.011998607777059079,"y":-0.0860208049416542,"z":4.828935146331787},"rotation":{"x":-0.04514078423380852,"y":0.08292023092508316,"z":-0.0037311322521418335,"w":-0.9955385327339172},"size":0.890212893486023,"orthographic":false}